Member (IGN),Discord tag,Timezone,Remark,,
,,,,,
R5,,,,,
Leon,leonyzh,GMT+8,FALSE,FALSE,FALSE
Bigboss,pablo_463626,GMT+1,FALSE,FALSE,FALSE
R4,,,,,
Chuu,suniiiiiiiii,GMT+9,FALSE,FALSE,FALSE
Kazuga,kazuga,GMT+1,FALSE,FALSE,FALSE
Daddy,vaccarod86,GMT-5,FALSE,FALSE,FALSE
IceBear,andrewchen,GMT-5,FALSE,FALSE,FALSE
Triton,darkmagician9237,GMT-5,FALSE,FALSE,FALSE
BadSparthan,xxbadspartanxx,GMT-6,FALSE,FALSE,FALSE
HakuRin,hakurin1,GMT-6,FALSE,FALSE,FALSE
TakeAim,icattyu,GMT-8,FALSE,FALSE,FALSE
R3,,,,,
Sugar4You,sugar4you,GMT+11,FALSE,FALSE,FALSE
Cat,cat2080,GMT+9,FALSE,FALSE,FALSE
D the Doge,d.yuk,GMT+8,FALSE,FALSE,FALSE
Jayax,jayax_2216,GMT+8,FALSE,FALSE,FALSE
KaiKai,yk2560,GMT+8,FALSE,FALSE,FALSE
I2ocKie,I2ockie,GMT+7,FALSE,FALSE,FALSE
Lilios,nozx_236,GMT+7,FALSE,FALSE,FALSE
TangJun,tangjun3714,GMT+7,FALSE,FALSE,FALSE
Disgrace,disgrace110,GMT+1,FALSE,FALSE,FALSE
KingCobra,syfdclaus,GMT+1,FALSE,FALSE,FALSE
legEND,._leg3nd_.,GMT+1,FALSE,FALSE,FALSE
Pakrette,pakwette,GMT+1,FALSE,FALSE,FALSE
TheMaksoo,themaksoo,GMT+1,FALSE,FALSE,FALSE
Ghost,twd0222,GMT+0,FALSE,FALSE,FALSE
LeD,leedmajzoub,GMT-3,FALSE,FALSE,FALSE
Omnimortis,mindlessapathy,GMT-6,FALSE,FALSE,FALSE
Exiled,exiled908,GMT-7,FALSE,FALSE,FALSE
anzwiseguy,aznwiseguy,GMT-8,FALSE,FALSE,FALSE
くすぐる（aka Tickle）,.hothands,GMT-8,FALSE,FALSE,FALSE
R2,,,,,
witchdoc,witchdoc8,GMT+11,FALSE,FALSE,FALSE
OooGaBoOga,hades7038,GMT+10,FALSE,FALSE,FALSE
Edtosan,edtosan,GMT+8,FALSE,FALSE,FALSE
Luciel,ainz_noir,GMT+8,FALSE,FALSE,FALSE
MssD,_mssd_,GMT+8,FALSE,FALSE,FALSE
PoisonX,gian6403,GMT+8,FALSE,FALSE,FALSE
Rimuru,,GMT+8,FALSE,FALSE,FALSE
getraw,.getraw,GMT+7,FALSE,FALSE,FALSE
Hide,feuhide,GMT+7,FALSE,FALSE,FALSE
moL,mol2006,GMT+7,FALSE,FALSE,FALSE
Stnc,stnc1066,GMT+3,FALSE,FALSE,FALSE
duzyOgor,biggusdikkus0595,GMT+1,FALSE,FALSE,FALSE
Dylan Skye,dalelim,GMT+1,FALSE,FALSE,FALSE
ElTurko55,burak557,GMT+1,FALSE,FALSE,FALSE
Graffo,graffomundo,GMT+1,FALSE,FALSE,FALSE
Guidouille,guidouille,GMT+1,FALSE,FALSE,FALSE
Jvalentin,jvalentin_,GMT+1,FALSE,FALSE,FALSE
Kushice,kushice,GMT+1,FALSE,FALSE,FALSE
Mixsn,mixsn,GMT+1,FALSE,FALSE,FALSE
Mooijer,mooijer,GMT+1,FALSE,FALSE,FALSE
YourMom,mrlerieur,GMT+1,FALSE,FALSE,FALSE
Aviatorpd,aviatop_d,GMT+0,FALSE,FALSE,FALSE
Horizyon,.horizyon,GMT+0,FALSE,FALSE,FALSE
Tanjiro,greeno3375,GMT+0,FALSE,FALSE,FALSE
Nix,nixxx__sc,GMT-3,FALSE,FALSE,FALSE
Skynet,skynetkernel,GMT-3,FALSE,FALSE,FALSE
Ez,bholz,GMT-5,FALSE,FALSE,FALSE
Icare,djedjeqc,GMT-5,FALSE,FALSE,FALSE
Peer,peer1222,GMT-5,FALSE,FALSE,FALSE
Soft,soft.jpg,GMT-5,FALSE,FALSE,FALSE
Stridertwo,strider5620,GMT-5,FALSE,FALSE,FALSE
Xerxes,numbers3087,GMT-5,FALSE,FALSE,FALSE
CowWNiNjA,,GMT-6,FALSE,FALSE,FALSE
Darth7,,GMT-6,FALSE,FALSE,FALSE
Kite,k1te_albedo,GMT-7,FALSE,FALSE,FALSE
Peanut,biggestpeanut,GMT-7,FALSE,FALSE,FALSE
Acirelle,acirelle,GMT-8,FALSE,FALSE,FALSE
Euden,pandason6837,GMT-8,FALSE,FALSE,FALSE
Ryean,impatientpanda,GMT-8,FALSE,FALSE,FALSE
Slayd,slayderness,GMT-8,FALSE,FALSE,FALSE
Duke Leto,kengorad,GMT-8,FALSE,FALSE,FALSE
KEVERS,keverski,,FALSE,FALSE,FALSE
LeandroG,leandrogaioti,,FALSE,FALSE,FALSE
Ljnbm,adenoidweevil17,,FALSE,FALSE,FALSE
MK1,,,FALSE,FALSE,FALSE
Ray,cjh1462,,FALSE,FALSE,FALSE
shljkm,shljkm,,FALSE,FALSE,FALSE
我见到,wt7usay,,FALSE,FALSE,FALSE
AntAir,.antair,GMT-6,FALSE,FALSE,FALSE
R1,,,,,
Ale,aleesfc,GMT+1,FALSE,FALSE,FALSE
,,,FALSE,FALSE,FALSE
,,,FALSE,FALSE,FALSE
